"mission";"contexte";"fichier_mp3";"chemin_depot";"texte_a_generer";"caracteres";"etapes_associees"
"Phrases communes réutilisables";"À l’entrée d’un quiz, une seule fois";"common/common.quiz.mp3";"D:\Programmation\Mission Cosmos\public\assets\audio\robot\fr\common\common.quiz.mp3";"À toi de jouer ! Regarde la question et les réponses, puis choisis celle qui te semble juste. Tu peux prendre ton temps.";"120";""
"Phrases communes réutilisables";"Après une erreur, sans répéter à chaque clic";"common/common.reessayer.mp3";"D:\Programmation\Mission Cosmos\public\assets\audio\robot\fr\common\common.reessayer.mp3";"Essaie encore ! Observe ce qui se passe, puis tente une autre idée.";"67";""
"Phrases communes réutilisables";"Réussite d’une activité, réutilisable";"common/common.bravo.mp3";"D:\Programmation\Mission Cosmos\public\assets\audio\robot\fr\common\common.bravo.mp3";"Bravo, tu as réussi ! Tu peux continuer ton voyage.";"51";""
"Phrases communes réutilisables";"Aide sur les maquettes, à la demande";"common/common.maquette.mp3";"D:\Programmation\Mission Cosmos\public\assets\audio\robot\fr\common\common.maquette.mp3";"Ceci est une maquette. Les tailles, les distances et le temps sont parfois changés pour que tu puisses tout observer.";"117";""
"Notre Terre";"Équateur puis pôles ; réécoute possible aux trois défis";"mission-01/mission-01.reperes.mp3";"D:\Programmation\Mission Cosmos\public\assets\audio\robot\fr\mission-01\mission-01.reperes.mp3";"La Terre est une boule. Trouve d’abord l’équateur : le cercle imaginaire qui sépare le nord et le sud. Puis cherche les deux pôles, aux bouts de la ligne en pointillés. Cette ligne est l’axe autour duquel la Terre tourne.";"221";"m01-intro, m01-challenge-equator, m01-challenge-north, m01-challenge-south"
"Notre Terre";"Défi du tour du Soleil";"mission-01/mission-01.orbite.mp3";"D:\Programmation\Mission Cosmos\public\assets\audio\robot\fr\mission-01\mission-01.orbite.mp3";"Fais avancer la Terre autour du Soleil en glissant sur la scène ou avec le bouton Avancer. Son chemin s’appelle une orbite. Fais un tour entier et observe le nombre de jours.";"174";"m01-challenge-orbit"
"Notre Terre";"Bilan des deux mouvements";"mission-01/mission-01.mouvements.mp3";"D:\Programmation\Mission Cosmos\public\assets\audio\robot\fr\mission-01\mission-01.mouvements.mp3";"La Terre tourne sur elle-même en environ vingt-quatre heures : un jour et une nuit. Elle fait aussi le tour du Soleil en environ trois cent soixante-cinq jours : une année. Ce sont deux mouvements différents.";"208";"m01-explain"
"Jour et nuit";"Observation puis défis jour et nuit ; même fichier";"mission-02/mission-02.jour-nuit.mp3";"D:\Programmation\Mission Cosmos\public\assets\audio\robot\fr\mission-02\mission-02.jour-nuit.mp3";"Le Soleil éclaire un côté de la Terre : c’est le jour. L’autre côté est dans l’ombre : c’est la nuit. Tourne la Terre pour faire passer le Guide de la lumière à l’ombre. Le Soleil brille toujours, même pendant notre nuit.";"221";"m02-intro, m02-observe, m02-challenge-day, m02-challenge-night, m02-explain"
"Phases de la Lune";"Observation et recherche de la pleine Lune ou du croissant";"mission-03/mission-03.observer.mp3";"D:\Programmation\Mission Cosmos\public\assets\audio\robot\fr\mission-03\mission-03.observer.mp3";"Fais glisser la Lune autour de la Terre. Regarde sa forme dans la petite vue avec le Guide. Cherche une Lune toute ronde, puis un fin croissant. Le Soleil éclaire toujours une moitié de la Lune.";"194";"m03-intro, m03-observe, m03-challenge-full, m03-challenge-crescent"
"Phases de la Lune";"Explication des phases";"mission-03/mission-03.phases.mp3";"D:\Programmation\Mission Cosmos\public\assets\audio\robot\fr\mission-03\mission-03.phases.mp3";"La Lune reste une boule. Selon sa position, nous voyons une plus ou moins grande partie de sa moitié éclairée. Ces formes s’appellent les phases. Elles ne viennent pas de l’ombre de la Terre.";"191";"m03-explain"
"Les éclipses";"Avant l’observation des éclipses ; message indépendant";"mission-04/mission-04.securite.mp3";"D:\Programmation\Mission Cosmos\public\assets\audio\robot\fr\mission-04\mission-04.securite.mp3";"Attention : ne regarde le vrai Soleil qu’avec une protection spéciale vérifiée par un adulte. Des lunettes de soleil ne suffisent pas.";"134";"m04-observe"
"Les éclipses";"Observation et deux défis d’éclipse ; réécoute possible";"mission-04/mission-04.aligner.mp3";"D:\Programmation\Mission Cosmos\public\assets\audio\robot\fr\mission-04\mission-04.aligner.mp3";"Place la Lune entre la Terre et le Soleil : elle cache le Soleil, c’est une éclipse solaire. Puis place-la de l’autre côté de la Terre, dans son ombre : c’est une éclipse lunaire. Regarde la petite vue, puis relâche la Lune.";"224";"m04-intro, m04-observe, m04-challenge-solar, m04-challenge-lunar"
"Les éclipses";"Pourquoi il n’y a pas toujours une éclipse";"mission-04/mission-04.orbite-penchee.mp3";"D:\Programmation\Mission Cosmos\public\assets\audio\robot\fr\mission-04\mission-04.orbite-penchee.mp3";"Le chemin de la Lune est un peu penché. Souvent, elle passe au-dessus ou en dessous de l’ombre de la Terre. Pour une éclipse, le Soleil, la Terre et la Lune doivent être bien alignés.";"183";"m04-explain"
"Le Système solaire";"Introduction et défi de l’ordre ; aucun fichier par planète";"mission-05/mission-05.planetes.mp3";"D:\Programmation\Mission Cosmos\public\assets\audio\robot\fr\mission-05\mission-05.planetes.mp3";"Huit planètes tournent autour du Soleil. Touche-les de la plus proche à la plus lointaine : Mercure, Vénus, Terre, Mars, Jupiter, Saturne, Uranus, Neptune. Pluton est une planète naine : elle ne fait pas partie de ces huit planètes.";"232";"m05-intro, m05-observe, m05-challenge-order, m05-explain"
"Le Système solaire";"Mini-jeu des tailles";"mission-05/mission-05.tailles.mp3";"D:\Programmation\Mission Cosmos\public\assets\audio\robot\fr\mission-05\mission-05.tailles.mp3";"Compare les tailles des planètes, puis réponds aux questions. Le diamètre, c’est la largeur d’une planète en passant par son centre. Les quatre planètes proches du Soleil sont rocheuses, avec un sol solide. Les quatre autres sont des géantes.";"242";"m05-scale"
"Le Système solaire";"Mini-jeu des distances ; mêmes instructions pour tous les tirages";"mission-05/mission-05.distances.mp3";"D:\Programmation\Mission Cosmos\public\assets\audio\robot\fr\mission-05\mission-05.distances.mp3";"Lis l’indice du voyage, puis choisis ta destination. Les planètes sont très éloignées les unes des autres : ici, les distances sont raccourcies. Une unité astronomique correspond à la distance moyenne entre la Terre et le Soleil.";"229";"m05-distances"
"Les orbites";"Observer les orbites puis choisir la planète la plus rapide";"mission-06/mission-06.comparer.mp3";"D:\Programmation\Mission Cosmos\public\assets\audio\robot\fr\mission-06\mission-06.comparer.mp3";"Les anneaux montrent les chemins des planètes autour du Soleil. Observe leurs tours avec Pause ou Rapide. Touche la planète qui finit son tour en premier. Plus une planète est proche du Soleil, moins son année dure longtemps.";"225";"m06-intro, m06-observe, m06-challenge"
"Les orbites";"Défi du lancement du Guide";"mission-06/mission-06.lancer.mp3";"D:\Programmation\Mission Cosmos\public\assets\audio\robot\fr\mission-06\mission-06.lancer.mp3";"Lance le Guide autour de la Terre et règle sa vitesse. Trop lent, il tombe. Trop rapide, il s’éloigne. Essaie de trouver la vitesse qui le garde en orbite, en train de tourner autour de la Terre.";"195";"m06-fall"
"Les orbites";"Explication de l’orbite";"mission-06/mission-06.gravite.mp3";"D:\Programmation\Mission Cosmos\public\assets\audio\robot\fr\mission-06\mission-06.gravite.mp3";"La gravité, c’est l’attraction entre les objets. Le Soleil attire les planètes, mais elles avancent aussi de côté. Ces deux effets les font tourner autour de lui au lieu de tomber tout droit vers lui.";"200";"m06-explain"
"Les saisons";"Observation et défi de l’été au nord";"mission-07/mission-07.experimenter.mp3";"D:\Programmation\Mission Cosmos\public\assets\audio\robot\fr\mission-07\mission-07.experimenter.mp3";"La Terre est penchée. Déplace-la autour du Soleil et trouve l’été dans sa moitié nord. Puis redresse-la avec le curseur pour comparer. La vraie Terre reste penchée : le curseur sert seulement à faire une expérience.";"215";"m07-intro, m07-observe, m07-challenge"
"Les saisons";"Explication des saisons";"mission-07/mission-07.saisons.mp3";"D:\Programmation\Mission Cosmos\public\assets\audio\robot\fr\mission-07\mission-07.saisons.mp3";"Quand une moitié de la Terre penche vers le Soleil, sa lumière arrive moins de travers et les journées durent plus longtemps : c’est l’été. Dans l’autre moitié, c’est l’hiver. Les saisons ne viennent pas du rapprochement de la Terre et du Soleil.";"246";"m07-explain"
"Les étoiles";"Introduction et comparaison des étoiles";"mission-08/mission-08.etoiles.mp3";"D:\Programmation\Mission Cosmos\public\assets\audio\robot\fr\mission-08\mission-08.etoiles.mp3";"Le Soleil est une étoile ! Touche les étoiles pour comparer leurs tailles et leurs couleurs. Une étoile bleue est plus chaude en surface qu’une étoile rouge. Déplace le curseur : même une étoile géante paraît petite quand elle est très loin.";"241";"m08-intro, m08-observe"
"Les étoiles";"Album du télescope ; même fichier pour toutes les étoiles";"mission-08/mission-08.photos.mp3";"D:\Programmation\Mission Cosmos\public\assets\audio\robot\fr\mission-08\mission-08.photos.mp3";"Complète l’album de l’observatoire. Pour chaque étoile, rapproche ou éloigne le télescope jusqu’à ce que son disque remplisse le cadre. Puis prends la photo.";"157";"m08-challenge"
"Les étoiles";"Bilan ; aussi disponible après le film";"mission-08/mission-08.taille-apparente.mp3";"D:\Programmation\Mission Cosmos\public\assets\audio\robot\fr\mission-08\mission-08.taille-apparente.mp3";"La taille réelle d’une étoile et la place qu’elle prend dans notre ciel sont différentes. Le Soleil paraît grand parce qu’il est proche. Une étoile bien plus grande peut sembler un petit point parce qu’elle est très loin.";"221";"m08-explain"
"Le secret des couleurs";"Introduction et placement du prisme";"mission-09/mission-09.prisme.mp3";"D:\Programmation\Mission Cosmos\public\assets\audio\robot\fr\mission-09\mission-09.prisme.mp3";"La lumière blanche du Soleil contient plusieurs couleurs. Place le triangle de verre sur son chemin en le touchant ou avec Placer le prisme. Ce triangle s’appelle un prisme : il sépare les couleurs comme un arc-en-ciel.";"219";"m09-intro, m09-color"
"Le secret des couleurs";"Exploration puis défi des quatre mélanges";"mission-09/mission-09.melanger.mp3";"D:\Programmation\Mission Cosmos\public\assets\audio\robot\fr\mission-09\mission-09.melanger.mp3";"Ici, tu mélanges des lumières, pas de la peinture. Allume les projecteurs pour obtenir les couleurs demandées : jaune, rose, bleu-vert, puis blanc. Valide chaque mélange. Tu peux essayer autant de fois que tu veux.";"214";"m09-spectrum, m09-challenge"
"Le secret des couleurs";"Bilan des mélanges";"mission-09/mission-09.lumiere-blanche.mp3";"D:\Programmation\Mission Cosmos\public\assets\audio\robot\fr\mission-09\mission-09.lumiere-blanche.mp3";"Le prisme sépare les couleurs de la lumière blanche. Les projecteurs font l’inverse : leurs lumières s’ajoutent. Ensemble, les lumières rouge, verte et bleue donnent du blanc.";"175";"m09-explain"
"Les dessins du ciel";"Introduction ; consigne commune aux dessins de l’atlas";"mission-10/mission-10.atlas.mp3";"D:\Programmation\Mission Cosmos\public\assets\audio\robot\fr\mission-10\mission-10.atlas.mp3";"Une constellation est un dessin que nous imaginons avec les étoiles. Compare le ciel avec la carte de ton atlas. Touche les étoiles du dessin dans l’ordre que tu veux. Leur place et leurs écarts t’aident à les retrouver.";"220";"m10-intro"
"Les dessins du ciel";"Défi Cassiopée";"mission-10/mission-10.cassiopee.mp3";"D:\Programmation\Mission Cosmos\public\assets\audio\robot\fr\mission-10\mission-10.cassiopee.mp3";"Pour Cassiopée, cherche cinq étoiles qui dessinent un double vé un peu penché. Compare avec la carte de ton atlas, puis touche les cinq étoiles.";"144";"m10-cassiopeia"
"Les dessins du ciel";"Défi Grande Ourse";"mission-10/mission-10.grande-ourse.mp3";"D:\Programmation\Mission Cosmos\public\assets\audio\robot\fr\mission-10\mission-10.grande-ourse.mp3";"Pour la Grande Ourse, cherche une casserole : quatre étoiles pour le récipient et trois pour le manche. Compare avec ta carte, puis touche les sept étoiles.";"156";"m10-ursa-major"
"Les dessins du ciel";"Défi Cygne";"mission-10/mission-10.cygne.mp3";"D:\Programmation\Mission Cosmos\public\assets\audio\robot\fr\mission-10\mission-10.cygne.mp3";"Pour le Cygne, cherche une croix : une longue ligne et deux ailes de chaque côté. Compare la place des étoiles avec ta carte, puis retrouve-les dans le ciel.";"157";"m10-cygnus"
"Les dessins du ciel";"Défi Orion";"mission-10/mission-10.orion.mp3";"D:\Programmation\Mission Cosmos\public\assets\audio\robot\fr\mission-10\mission-10.orion.mp3";"Pour Orion, repère les trois étoiles presque alignées de sa ceinture. Puis retrouve ses épaules et ses pieds grâce à la carte. Touche les étoiles pour révéler le chasseur.";"171";"m10-orion"
"Les dessins du ciel";"Défi du point de vue ; explication réécoutable après le film";"mission-10/mission-10.point-de-vue.mp3";"D:\Programmation\Mission Cosmos\public\assets\audio\robot\fr\mission-10\mission-10.point-de-vue.mp3";"Déplace le vaisseau avec le curseur pour retrouver la croix de ta carte, puis vérifie ton point de vue. Les étoiles ne bougent pas. Elles sont à des distances différentes : quand nous changeons de place, leur dessin dans notre ciel change.";"239";"m10-perspective, m10-understand"
"Notre galaxie";"Introduction et voyage vers la Voie lactée";"mission-11/mission-11.galaxie.mp3";"D:\Programmation\Mission Cosmos\public\assets\audio\robot\fr\mission-11\mission-11.galaxie.mp3";"Le Soleil et ses huit planètes forment notre Système solaire. Il appartient à la Voie lactée : une galaxie avec énormément d’étoiles, du gaz et de la poussière. La gravité les rassemble. Prenons du recul pour découvrir notre galaxie !";"234";"m11-intro, m11-journey, m11-explain"
"Notre galaxie";"Explorer la galaxie puis retrouver le quartier du Soleil";"mission-11/mission-11.quartier.mp3";"D:\Programmation\Mission Cosmos\public\assets\audio\robot\fr\mission-11\mission-11.quartier.mp3";"Regarde la galaxie de face, puis de profil. Notre Soleil est dans le disque, dans un petit bras appelé bras d’Orion. Il n’est ni au centre, ni à l’extérieur. Touche le repère de notre quartier.";"193";"m11-explore, m11-locate"
"Notre galaxie";"Défi du trajet galactique";"mission-11/mission-11.trajet.mp3";"D:\Programmation\Mission Cosmos\public\assets\audio\robot\fr\mission-11\mission-11.trajet.mp3";"Le Soleil voyage dans la galaxie avec toutes ses planètes. Compare les trois trajets. Choisis celui qui lui fait faire un tour autour du centre sans plonger dedans, puis lance le voyage.";"186";"m11-orbit"
"Les galaxies";"Introduction et comparaison avec Andromède";"mission-12/mission-12.voisines.mp3";"D:\Programmation\Mission Cosmos\public\assets\audio\robot\fr\mission-12\mission-12.voisines.mp3";"La Voie lactée n’est pas seule : il existe énormément d’autres galaxies. Andromède est notre plus proche grande voisine. Une galaxie n’est pas un Soleil géant : sa lumière vient de toutes ses étoiles.";"200";"m12-intro, m12-neighbour, m12-explain"
"Les galaxies";"Exploration des familles et album des quatre formes";"mission-12/mission-12.formes.mp3";"D:\Programmation\Mission Cosmos\public\assets\audio\robot\fr\mission-12\mission-12.formes.mp3";"Observe les quatre formes pour réparer l’album. Une spirale a des bras enroulés. Une spirale barrée a aussi une barre au centre. Une elliptique est arrondie, sans bras. Une irrégulière n’a pas de forme bien organisée. Regarde les maquettes de face.";"248";"m12-families, m12-album"
"Les galaxies";"Défi des cartes du plus petit au plus grand";"mission-12/mission-12.classer.mp3";"D:\Programmation\Mission Cosmos\public\assets\audio\robot\fr\mission-12\mission-12.classer.mp3";"Classe les cartes du plus petit au plus grand. Le Soleil est dans notre Système solaire, qui est lui-même dans la Voie lactée. Pense à ce qui est contenu dans quoi, puis touche les cartes dans l’ordre.";"201";"m12-scale"
"Les distances dans l’Univers";"Introduction et parcours des sept repères";"mission-13/mission-13.voyage.mp3";"D:\Programmation\Mission Cosmos\public\assets\audio\robot\fr\mission-13\mission-13.voyage.mp3";"Découvre les distances dans l’espace. Utilise Plus loin pour avancer et Plus près pour revenir. Observe les sept repères. Nos distances sont raccourcies pour tout montrer : dans l’espace, les étoiles et les galaxies sont bien plus loin que la Lune.";"248";"m13-intro, m13-journey"
"Les distances dans l’Univers";"Défi des destinations des messages lumineux";"mission-13/mission-13.destinations.mp3";"D:\Programmation\Mission Cosmos\public\assets\audio\robot\fr\mission-13\mission-13.destinations.mp3";"Le robot prépare quatre messages lumineux depuis notre voisinage. Classe leurs destinations de la plus proche à la plus lointaine. Touche les cartes dans cet ordre pour préparer les envois.";"189";"m13-order"
"Les distances dans l’Univers";"Expérience des trois flashs et explication";"mission-13/mission-13.signaux.mp3";"D:\Programmation\Mission Cosmos\public\assets\audio\robot\fr\mission-13\mission-13.signaux.mp3";"Trois galaxies envoient un flash en même temps. Observe les arrivées, puis cherche l’image la plus ancienne. La lumière met du temps à voyager : celle de la galaxie la plus lointaine arrive plus tard et nous montre un passé plus ancien.";"236";"m13-signals"
"Les distances dans l’Univers";"Bilan des distances et de l’Univers observable";"mission-13/mission-13.annee-lumiere.mp3";"D:\Programmation\Mission Cosmos\public\assets\audio\robot\fr\mission-13\mission-13.annee-lumiere.mp3";"Une année-lumière est une distance : le chemin parcouru par la lumière en un an. L’Univers observable est la partie de l’Univers dont la lumière peut nous arriver. Ce n’est pas le bord de tout l’Univers.";"203";"m13-explain"
"Les trous noirs";"Introduction, observation de l’étoile et défi de détection";"mission-14/mission-14.indices.mp3";"D:\Programmation\Mission Cosmos\public\assets\audio\robot\fr\mission-14\mission-14.indices.mp3";"Un trou noir rassemble énormément de matière dans très peu de place. Observe les étoiles : elles peuvent tourner autour de lui sans tomber dedans. Pour trouver l’objet invisible, cherche la région où elles tournent autour d’un même centre.";"239";"m14-intro, m14-observe, m14-detect"
"Les trous noirs";"Observation du gaz autour d’un trou noir";"mission-14/mission-14.disque.mp3";"D:\Programmation\Mission Cosmos\public\assets\audio\robot\fr\mission-14\mission-14.disque.mp3";"Ce disque lumineux est du gaz très chaud autour du trou noir. Ce n’est pas le trou noir lui-même. Tous les trous noirs n’ont pas un disque lumineux. Observe sa forme.";"166";"m14-surroundings"
"Les trous noirs";"Expérience des signaux lumineux et explication de l’horizon";"mission-14/mission-14.limite.mp3";"D:\Programmation\Mission Cosmos\public\assets\audio\robot\fr\mission-14\mission-14.limite.mp3";"Envoie la lumière vers l’extérieur, d’abord depuis le point dehors, puis depuis celui dedans. La limite s’appelle l’horizon des événements. Une fois à l’intérieur, même la lumière ne peut plus ressortir.";"203";"m14-signals, m14-explain"
"Les trous noirs";"Expérience de l’étoile remplacée par un trou noir";"mission-14/mission-14.meme-masse.mp3";"D:\Programmation\Mission Cosmos\public\assets\audio\robot\fr\mission-14\mission-14.meme-masse.mp3";"Imagine qu’on remplace l’étoile par un trou noir de même masse, avec autant de matière. Que fera la planète qui tourne loin ? Choisis, puis vérifie. De loin, le trou noir attire autant que l’étoile : il n’aspire pas tout.";"221";"m14-orbit"
